franchise,Id_franchise
Toy Story Collection,1
Sin Dato,2
Grumpy Old Men Collection,3
Father of the Bride Collection,4
James Bond Collection,5
Balto Collection,6
Ace Ventura Collection,7
Chili Palmer Collection,8
Babe Collection,9
Mortal Kombat Collection,10
Pocahontas Collection,11
The Lawnmower Man Collection,12
Friday Collection,13
From Dusk Till Dawn Collection,14
Screamers Collection,15
The Muppet Collection,16
The Neverending Story Collection,17
Bad Boys Collection,18
Batman Collection,19
Brooklyn Cigar Store Collection,20
Casper Collection,21
Mexico Trilogy,22
Die Hard Collection,23
Teenage Apocalypse Trilogy,24
Free Willy Collection,25
Power Rangers Collection,26
Síť (kolekce),27
The Prophecy Collection,28
Showgirls Collection,29
Species Collection,30
Under Siege Collection,31
Burnt by the Sun Trilogy,32
Before... Collection,33
Clerks Collection,34
Dumb and Dumber Collection,35
A Goofy Movie Collection,36
The Vampire Chronicles,37
Star Wars Collection,38
Nemesis Collection,39
Once were Warriors Collection,40
Poison Ivy Collection,41
Three Colors Collection,42
Swan Princess Series,43
The Santa Clause Collection,44
Tales from the Crypt Collection,45
Star Trek: The Next Generation Collection,46
The Jack Ryan Collection,47
The Crow Collection,48
The Flintstones (Live-Action) Collection,49
The Lion King Collection,50
A Nightmare on Elm Street Collection,51
The Mask Collection,52
Naked Gun Collection,53
Richie Rich Collection,54
Speed Collection,55
Timecop Collection,56
Street Fighter,57
Fear Collection,58
Highlander Collection,59
Addams Family Collection,60
Stakeout Collection,61
Beverly Hills Cop Collection,62
City Slickers Collection,63
The Endless Summer Collection,64
The Fugitive / U.S. Marshals Collection,65
Hard Target Collection,66
Hot Shots! Collection,67
House Party Collection,68
Jurassic Park Collection,69
The Karate Kid Collection,70
RoboCop Collection,71
The Secret Garden Collection,72
The Shadow Collection,73
Blade Runner Collection,74
The Brady Bunch Collection,75
Home Alone Collection,76
Aladdin Collection,77
The Terminator Collection,78
The Hannibal Lecter Anthology,79
Beauty and the Beast Collection,80
Candyman Collection,81
Homeward Bound Collection,82
Heavy Metal Collection,83
Hellraiser Collection,84
All Dogs Go to Heaven Collection,85
Mission: Impossible Collection,86
DragonHeart Collection,87
Bloodsport Collection,88
The Apu Collection,89
Lemmy Caution Collection,90
The Substitute Collection,91
The Visitors Collection,92
Ghost in the Shell Collection,93
Wallace & Gromit Collection,94
The Arrival Collection,95
"Martin Scorsese’s World Cinema Project, Vol. 1",96
Trainspotting Collection,97
Independence Day Collection,98
The Hunchback of Notre Dame Collection,99
The Nutty Professor Collection,100
Escape From ... Collection,101
The Godfather Collection,102
Police Story Collection,103
The Land Before Time Collection,104
Halloween Collection,105
The Space Odyssey Series,106
The Thin Man Collection,107
Living Dead Collection,108
In the Line of Duty Collection,109
The Mighty Ducks Collection,110
The Apple Dumpling Gang Collection,111
Davy Crockett Collection,112
Witch Mountain Collection,113
Herbie Collection,114
Parent Trap Collection,115
The Shaggy Dog Collection,116
Cinderella Collection,117
Caballeros Collection,118
The Fox and the Hound Collection,119
Freeway Collection,120
Dirty Dancing Collection,121
Weekend at Bernie's Collection,122
Basic Instinct Collection,123
Children of the Corn Collection,124
The Pink Panther (Original) Collection,125
The Howling Collection,126
The Water of the Hills Collection,127
Best of the Best Collection,128
Cheech & Chong Collection,129
Indiana Jones Collection,130
Alien Collection,131
The Man With No Name Collection,132
Evil Dead Collection,133
Psycho Collection,134
The Blues Brothers Collection,135
The Sting Collection,136
The Jake Gittes Collection,137
Back to the Future Collection,138
Fantasia Collection,139
Qatsi Collection,140
The Amityville Horror Collection,141
The Blob Collection,142
Frankenstein (Universal Series),143
Carrie Collection,144
The Omen Collection,145
Heart of Gold Collection,146
Jingle All the Way Collection,147
Paradise Lost Collection,148
101 Dalmatians (Live-Action) Collection,149
Star Trek: The Original Series Collection,150
Young Guns Collection,151
Grease Collection,152
The Jaws Collection,153
Scream Collection,154
Turbulence Collection,155
McHale's Navy Collection,156
National Lampoon's Vacation Collection,157
The Saint Collection,158
Barrytown Trilogy,159
Anaconda Collection,160
Austin Powers Collection,161
Warriors of Virtue Collection,162
Shiloh Collection,163
Tetsuo Collection,164
Men In Black Collection,165
Conan the Barbarian Collection,166
George of the Jungle Collection,167
Air Bud Collection,168
Mimic Collection,169
Alex Cross Collection,170
Wishmaster Collection,171
I Know What You Did Last Summer Collection,172
Mr. Bean Collection,173
Starship Troopers Collection,174
Les Boys,175
The Postman Collection,176
3 Ninjas Collection,177
Wild Things Collection,178
Barney Collection,179
The Odd Couple Collection,180
Major League Collection,181
Henry Fool Collection,182
Mulan Collection,183
The X-Files Collection,184
Dr. Dolittle Collection,185
Lethal Weapon Collection,186
French Connection Collection,187
Rocky Collection,188
Friday the 13th Collection,189
Prom Night Collection,190
Child's Play Collection,191
Poltergeist Collection,192
The Exorcist Collection,193
The Gremlins Collection,194
Zorro Collection,195
The Poseidon Adventure Collection,196
Flubber Collection,197
Bambi Collection,198
Dexter Riley Collection,199
"Honey, I Shrunk the Kids Collection",200
The Jungle Book Collection,201
Lady and the Tramp Collection,202
The Little Mermaid Collection,203
101 Dalmatians (Animated) Collection,204
Peter Pan Collection,205
The Rescuers Collection,206
Splash Collection,207
TRON Collection,208
The Lord of the Rings Animated Collection,209
Charlotte's Web Collection,210
The Secret Of NIMH Collection,211
Fievel Collection,212
House Collection,213
The Gods Must Be Crazy Collection,214
Henry: Portrait of a Serial Killer Collection,215
Rosemary's Baby Collection,216
Killer Tomatoes! Collection,217
Blade Collection,218
Cube Collection,219
Rush Hour Collection,220
Urban Legend,221
The Thing Collection,222
Vampires Collection,223
Elizabeth Collection,224
Stepford Collection,225
Rugrats Collection,226
Godzilla (Showa) Collection,227
Godzilla (Heisei) Collection,228
King Kong (1933 series),229
King Kong (1976 series),230
Fletch Collection,231
Police Academy Collection,232
Rambo Collection,233
Romancing the Stone Collection,234
Cocoon Collection,235
The Gate Collection,236
The Fly (1958 series),237
The Fly Collection,238
Texas Chainsaw Massacre Collection,239
Crocodile Dundee Collection,240
The Hustler Collection,241
8MM Collection,242
Pet Sematary Collection,243
Airport Collection,244
Alligator Collection,245
Westworld Collection,246
Planet of the Apes Original Collection,247
Analyze Collection,248
Cruel Intentions Collection,249
The Matrix Collection,250
The Mummy Collection,251
The Black Mask Collection,252
The Mummy (Universal Series),253
The Mummy (Hammer Series),254
Superman Collection,255
Dracula (Universal Series),256
The Wolf Man (Universal Series),257
Frankenstein (Hammer Series),258
Rocky Horror Collection,259
Swamp Thing Collection,260
Tarzan (Animation) Collection,261
American Pie Collection,262
Tales of the Four Seasons,263
Blair Witch Collection,264
Lake Placid Collection,265
Ghostbusters Collection,266
Inspector Gadget Collection,267
The Adventures of Antoine Doinel,268
Allan Quatermain Collection,269
Airplane Collection,270
Problem Child Collection,271
A Christmas Story Collection,272
Universal Soldier Collection,273
Iron Eagle Collection,274
The Spiders Serial,275
Stir of Echoes Collection,276
Fright Night Collection,277
Armour of God Collection,278
Phantasm Collection,279
Drunken Master Collection,280
The Dirty Dozen Collection,281
The Blue Lagoon collection,282
Penitenciaría - Colección,283
Omega Code Series,284
Bats Collection,285
The Best Man Collection,286
Harry Palmer Collection,287
On Any Sunday Collection,288
House on Haunted Hill Collection,289
Re-Animator Collection,290
Creepshow Collection,291
Piranha Collection,292
Mister Roberts Collection,293
Meatballs Collection,294
Pokémon Collection,295
The Up Series,296
Deuce Bigalow Collection,297
The Last Picture Show Collection,298
The Sinbad Collection,299
Stuart Little Collection,300
Batman (DC Universe Animated) Collection,301
Sister Act Collection,302
Wayne's World Collection,303
The Cutting Edge Collection,304
Single White Female Collection,305
The Boondock Saints Collection,306
"To Sir, with Love Collection",307
The Chronicles of Riddick Collection,308
The Whole Nine/Ten Yards Collection,309
Cross of Iron Collection,310
American Graffiti Collection,311
Final Destination Collection,312
Death Wish Collection,313
Teenage Mutant Ninja Turtles (Original) Collection,314
The Skulls Collection,315
Navarone Collection,316
Beach Party Collection,317
Arthur Collection,318
Bachelor Party Collection,319
Predator Collection,320
American Psycho Collection,321
East is East Collection,322
Caddyshack Collection,323
Carnosaur Collection,324
Hidden Collection,325
The Three Mothers Collection,326
Die Nibelungen Filmreihe,327
Center Stage Collection,328
Pee-wee's Collection,329
Road Trip Collection,330
Shanghai Noon Collection,331
Big Momma's House Collection,332
Quatermass (Hammer series),333
Puppet Master Collection,334
The Benji Collection,335
The Decline of Western Civilization Collection,336
Dirty Harry Collection,337
Porky's Collection,338
Nuke 'Em High Collection,339
The Toxic Avenger Collection,340
Alien Nation Collection,341
Mad Max Collection,342
9½ Weeks Collection,343
Firestarter Collection,344
Shaft Collection,345
F/X Collection,346
Missing in Action Collection,347
Nekromantik Collection,348
Scary Movie Collection,349
X-Men Collection,350
Hollow Man Collection,351
Pumpkinhead Collection,352
Sleepaway Camp Collection,353
"Ilsa, She Wolf of the SS Collection",354
The Cell Collection,355
Godzilla (Millennium) Collection,356
The Art of War Collection,357
Bring It On Collection,358
Anatomy Collection,359
Creature From The Black Lagoon (Universal Series),360
The Invisible Man (Universal Series),361
The Slumber Party Massacre Collection,362
The Sorority House Massacre Collection,363
Digimon Collection,364
Meet the Parents Collection,365
Billy Jack Collection,366
Ghoulies Collection,367
Charlie's Angels Collection,368
"Crouching Tiger, Hidden Dragon Collection",369
Dungeons & Dragons Collection,370
Wall Street Collection,371
The Emperor's New Groove Collection,372
Miss Congeniality Collection,373
Dracula 2000 Collection,374
Annie Collection,375
Save The Last Dance Collection,376
The Brave Little Toaster Collection,377
Ernest Collection,378
Lost Boys Collection,379
Mannequin Collection,380
Left Behind Collection,381
Wong Kar-Wai's Informal Collection,382
Disneys Große Pause,383
Demetrius Filmreihe,384
Dr. Phibes Collection,385
Revenge of the Nerds Collection,386
C.H.U.D. Collection,387
Spy Kids Collection,388
Bridget Jones Collection,389
Joe Dirt Collection,390
Shrek Collection,391
Alienation Trilogy,392
The Magnificent Seven Collection,393
Atlantis Collection,394
Tomb Raider Collection,395
The Fast and the Furious Collection,396
The Crimson Rivers Collection,397
Cats & Dogs Collection,398
Totò Collection,399
Cannonball Run Collection,400
Dr Goldfoot Collection,401
Final Fantasy Collection,402
Legally Blonde Collection,403
Critters Collection,404
Elvira Collection,405
Return of the Living Dead Collection,406
The Man From Snowy River Collection,407
Short Circuit Collection,408
The Waxwork Collection,409
American Ninja Collection,410
Bill & Ted's Most Excellent Collection,411
Cyborg Collection,412
Dream a Little Dream Collection,413
Eddie and the Cruisers Collection,414
K-9 Collection,415
Kickboxer Collection,416
Look Who's Talking Collection,417
The Musketeers Collection,418
Road House Collection,419
The Stepfather Collection,420
Warlock Collection,421
Basket Case Collection,422
The Princess Diaries Collection,423
La cage aux folles,424
Philo & Clyde Collection,425
Jeepers Creepers Collection,426
A Man Called Horse Collection,427
Zoolander Collection,428
Joy Ride Collection,429
The Party Collection,430
Darko Collection,431
"Monsters, Inc. Collection",432
When a Stranger Calls Collection,433
Harry Potter Collection,434
Fanny Brice Collection,435
Beastmaster Collection,436
The Exterminator Collection,437
Caprona Collection,438
Behind Enemy Lines Collection,439
Ocean's Collection,440
The Lord of the Rings Collection,441
Fritz the Cat Collection,442
Sex and Zen Collection,443
48 Hrs. Collection,444
The Sandlot Collection,445
Super Troopers Collection,446
Sleuth Collection,447
State Property Collection,448
The Bad New Bears Collection,449
The Lone Ranger (Clayton Moore) Collection,450
Vampire Hunter D Collection,451
FernGully Collection,452
Zombi Collection,453
Get Smart Collection,454
"Oh, God! Collection",455
Ice Age Collection,456
Resident Evil Collection,457
The Paleface Collection,458
Road to Collection,459
Smokey and the Bandit Collection,460
Sällskapsresorna,461
National Lampoon’s Van Wilder Collection,462
Slap Shot Collection,463
My Big Fat Greek Wedding Collection,464
War Trilogy,465
Horror High Collection,466
3 Men Collection,467
The Scorpion King Collection,468
Wild Orchid Collection,469
Spider-Man Collection,470
White Fang Collection,471
The Bourne Collection,472
Scooby-Doo Collection,473
Lilo & Stitch Collection,474
Like Mike Collection,475
Our Man Flint Collection,476
The Modesty Blaise Collection,477
xXx Collection,478
Living Trilogy,479
Blue Crush Collection,480
Undisputed Collection,481
Care Bears Collection,482
976-EVIL Collection,483
Barbershop Collection,484
The Transporter Collection,485
The Hills Have Eyes (Original) Collection,486
"Heaven, Hell and Purgatory Collection",487
Dracula (Hammer Series),488
Django - Original films,489
The Ring Collection,490
Saturday Night Fever Collection,491
Man of Marble/Iron Collection,492
Enter the Ninja Collection,493
Faces of Death Collection,494
Göta kanal collection,495
The BRD Collection,496
My Bloody Valentine Collection,497
Jackass Collection,498
Half Past Dead Collection,499
"Pagnol, Childhood's Memories",500
Scanners Collection,501
Brother Collection,502
Elling Collection,503
I Spit on Your Grave (Original) Collection,504
Anglo-Zulu War Collection,505
Vabank (Collection),506
Jönsson Gang,507
Class of 1999 Collection,508
Turkish Star Wars,509
My Girl Collection,510
Blue Collar Comedy Tour Collection,511
Tokyo Decadence series,512
Le Gendarme de St. Tropez Collection,513
They Call Me Bruce Collection,514
Zapped Collection,515
Dennis the Menace Collection,516
The Black Stallion Collection,517
Willard,518
Born Free Trilogy,519
Ringu Collection,520
I Am Curious Collection,521
The Flicka Collection,522
Aki Kaurismäki's Finland trilogy,523
House of 1000 Corpses Collection,524
Daddy Day Camp Collection,525
Breakin' Collection,526
Nevada Smith Collection,527
The Klapisch Trilogy,528
Almighty Collection,529
Finding Nemo Collection,530
Wrong Turn Collection,531
28 Days/Weeks Later Collection,532
Pirates of the Caribbean Collection,533
Johnny English Collection,534
Trilogie,535
Gator Collection,536
S.W.A.T. Collection,537
Agent Cody Banks Collection,538
Tremors Collection,539
Elements Trilogy,540
Sides of the Bed,541
The Cabin Fever Collection,542
Once Upon a Time in China Collection,543
Underworld Collection,544
Yossi Collection,545
Dorm Daze Collection,546
Leningrad Cowboys Collection,547
Beethoven Collection,548
Ginger Snaps Collection,549
House of the Dead Collection,550
Kill Bill Collection,551
Texas Chainsaw (Reboot) Collection,552
Brother Bear Collection,553
The Eye Collection,554
Sherlock Holmes (1939 series),555
Bad Santa Collection,556
Darkman Collection,557
Europa Trilogy,558
WarGames Collection,559
Kindergarten Cop Collection,560
Battle Royale Collection,561
Teen Wolf Collection,562
Leprechaun Collection (Original Series),563
Honey Collection,564
Cheaper by the Dozen Collection,565
Pumping Iron Collection,566
The Matt Helm Collection,567
The Butterfly Effect Collection,568
You Got Served Collection,569
The Lost Skeleton Collection,570
Blacula Collection,571
USA: Land of Opportunities Collection,572
Hellboy Collection,573
The Prince & Me Collection,574
Walking Tall Collection,575
Mean Girls Collection,576
Van Helsing Collection,577
The Kingdom,578
100 Girls Collection,579
Babylon 5 Collection,580
The Delta Force Collection,581
Cat People Collection,582
Bang Rajan Collection,583
Sniper Collection,584
Lammbock Collection,585
The Legend Collection,586
Vampire Karnstein (Hammer series),587
The Cheerleaders - Collection,588
The Streetfighter Collection,589
The Gidget Collection,590
Silence of God Trilogy by Ingmar Bergman,591
The Complete Monterey Pop Festival,592
Infernal Affairs Collection,593
Robot Jox Collection,594
Death Race Original Collection,595
Lew Harper Collection,596
In China They Eat Dogs Collection,597
Per Fly trilogien (Samling),598
Dead or Alive Collection,599
Dr. Mabuse Collection,600
Lupin the Third Collection,601
Grey Gardens Collection,602
Garfield Collection,603
Super Size Me Collection,604
The Human Condition,605
The Hitcher (1986) Collection,606
The Philadelphia Experiment - Collezione,607
Taxi Collection,608
Lassie (Kinofilme),609
Anchorman Collection,610
Cinderella Story Collection,611
Trylogia Sienkiewicza,612
Thunderbirds (Animation) Collection,613
PTU Collection,614
Harold & Kumar Collection,615
AVP Collection,616
Without a Paddle Collection,617
The Mangler Collection,618
Night of the Demons Collection,619
Witchboard Collection,620
It's Alive Collection,621
The Grudge Collection,622
Saw Collection,623
The Incredibles Collection,624
National Treasure Collection,625
SpongeBob Collection,626
That's Entertainment Collection,627
I Love a Mystery movie series,628
Topper Collection,629
Why We Fight,630
Ivan The Terrible Collection,631
The Orphic Trilogy,632
Allan Quatermain (1950 series),633
St. Trinian's Collection,634
Samurai Collection,635
Asterix and Obelix (Animation) Collection,636
Gamera Films,637
Trinità  Collection,638
The Emigrants Collection,639
The Tall Blond Man Collection,640
Lone Wolf and Cub Collection,641
Nobody Collection,642
Walking Tall Original Collection,643
Emmanuelle Collection,644
Gone in 60 Seconds Trilogy,645
Mountain Family Robinson Collection,646
Dolemite Collection,647
Ирония судьбы (Коллекция),648
The Sister Street Fighter Collection,649
Vixens Collection,650
Trilogy of Terror Collection,651
The Rutles Collection,652
French Fried Vacation,653
Barefoot Gen Collection,654
Star Wars: The Ewok Adventures Collection,655
"Silent Night, Deadly Night Collection",656
Anne of Green Gables Collection,657
Barbarian Queen Collection,658
Demons Collection,659
Mr. Vampire Collection,660
Flodder Collection,661
A Better Tomorrow Collection,662
The Frogtown Collection,663
Koker Trilogy,664
A Chinese Ghost Story Collection,665
Patlabor Collection,666
Begotten Collection,667
House of Angels Collection,668
Lonesome Dove Collection,669
The Bride with White Hair Collection,670
Fortress Collection,671
Trilogía de la violencia de Michael Haneke,672
Naked Collection,673
Gonin collection,674
Street Fighter Collection,675
Jack Frost Collection,676
The Hunters Collection,677
Pusher Collection,678
Bikini Summer Collection,679
The Cremaster Cycle,680
Hamilton Collection,681
Torrente Collection,682
Unna Trilogie,683
Lady Snowblood Collection,684
Superman (DC Universe Animated) Collection,685
Evangelion Collection,686
Kirikou,687
Osobennosti Natsionalnoy ... - Collection,688
The Big Bottom Box,689
If These Walls Could Talk Collection,690
Running Out Of Time Collection,691
The Wog Boy Collection,692
The Female Prisoner Series,693
Batman Beyond Collection,694
Asterix and Obelix Collection,695
My Sassy Girl Collection,696
Annika Bengtzon Collection,697
My Wife is a Gangster Collection,698
Fubar Collection,699
The Vengeance Collection,700
The Foreigner Collection,701
Johan Falk Collection,702
Herr Lehmann Filmreihe,703
Ju-on Collection,704
Samurai Trilogy,705
The Twins Effect Collection,706
Dark Woods Collection,707
One Missed Call Collection,708
Inuyasha Collection,709
Ong Bak Collection,710
Saints and Soldiers Collection,711
Open Water Collection,712
The Yes Men Collection,713
Bummer Collection,714
Azumi Collection,715
What the Bleep! Collection,716
White Noise Collection,717
The Yakuza Papers Collection,718
Brancaleone Collection,719
Appleseed Collection,720
Pippi Longstocking,721
Father Flanagan Collection,722
Dr. Who Collection,723
The Are We Collection,724
Alone in the Dark Collection,725
The Boogeyman Collection,726
Constantine Collection,727
World of Watches Collection,728
"No Retreat, No Surrender Collection",729
The ChubbChubbs Collection,730
The Blind Dead Collection,731
Vares Collection,732
Zu Warriors Collection,733
Sin City Collection,734
Trilogy of Life,735
The Love Comes Softly Collection,736
Zatôichi: The Blind Swordsman,737
Ukraine Trilogy,738
Madagascar Collection,739
The Sisterhood of the Traveling Pants Collection,740
The Dark Knight Collection,741
My Friends Collection,742
Fantastic Four Collection,743
Whispering Corridors Collection,744
The Dukes Of Hazzard Collection,745
Mr. Wong Collection,746
Waiting Collection,747
Green Street Hooligans Collection,748
Into the Blue Collection,749
Goal! Collection,750
Star Wreck Collection,751
American Pie (Spin-off) Collection,752
Tarzan (Johnny Weissmuller series),753
Jarhead Collection,754
Wolf Creek Collection,755
The Descent Collection,756
The Wild Geese Collection,757
The Chronicles of Narnia Collection,758
Havoc Collection,759
The Dentist Collection,760
Yamakasi - Collection,761
District 13 Collection,762
BloodRayne Collection,763
Hostel Collection,764
Hoodwinked! Collection,765
Project A Collection,766
Uuno Turhapuro,767
Nanny McPhee Collection,768
The Comedians Of Comedy Collection,769
The Pink Panther (Steve Martin) Collection,770
Troll Collection,771
Curious George Collection,772
Pulse Collection,773
Election Collection,774
Ultimate Avengers Collection,775
The Hills Have Eyes (Reboot) Collection,776
Silent Hill Collection,777
The Protector Collection,778
Die Nibelungen Collection,779
Robert Langdon Collection,780
Cars Collection,781
See No Evil Collection,782
High School Musical Collection,783
The Sheriff and the Satellite Kid Collection,784
Krrish Collection,785
Night at the Museum Collection,786
Crank Collection,787
Step Up Collection,788
Bon Cop Bad Cop Collection,789
The Heroic Trio Collection,790
Swordsman Collection,791
Open Season Collection,792
The Marine Collection,793
Feast Collection,794
Clint Eastwood's Iwo Jima Collection,795
Corto Maltese,796
Happy Feet Collection,797
OSS 117 Collection,798
Reeker Collection,799
She Collection,800
Another Gay Movie Collection,801
Loose Change Collection,802
Happily N'Ever After Collection,803
Stomp the Yard Collection,804
Arthur and the Invisibles Collection,805
Don Camillo Collection,806
Smokin' Aces Collection,807
The Messengers Collection,808
Cocaine Cowboys,809
SPL Collection,810
Trailer Park Boys Collection,811
Ghost Rider Collection,812
Kidulthood Collection,813
The 36th Chamber of Shaolin Collection,814
Emil i Lönneberga,815
2001 Maniacs Collection,816
The Ultimate Collection,817
300 Collection,818
Vacancy Collection,819
The Condemned Collection,820
Maniac Cop Collection,821
This is England Collection,822
The Librarian Collection,823
Star Crash Collection,824
Surf's Up Collection,825
Grindhouse Collection,826
Transformers Collection,827
Arn collection,828
If I Were You Collection,829
The Bible Collection,830
Brice Collection,831
Halloween (Rob Zombie Series) Collection,832
2 Days In... Collection,833
Trilogía Sollima,834
Kevin Smith: Silent Bob Speaks!,835
30 Days of Night Collection,836
Why Did I Get Married Collection,837
Elite Squad Collection,838
Decoys Collection,839
The Man from Earth Collection,840
Hitman Collection,841
Alvin and the Chipmunks Collection,842
Futurama Collection,843
Design Trilogy,844
Inoshika Ocho series,845
The Hamiltons Collection,846
Keinohrhasen Filmreihe,847
Battlestar Galactica (Reboot) Collection,848
[REC] Collection,849
In the Name of the King Collection,850
Hatchet Collection,851
Footsoldier Collection,852
Zeitgeist Collection,853
Anders Matthesen,854
Never Back Down Collection,855
Zebraman Collection,856
Nim's Island Collection,857
Street Kings Collection,858
Outpost Collection,859
Iron Man Collection,860
Taken Collection,861
Stargate SG-1 Collection,862
Sex and the City Collection,863
Kung Fu Panda Collection,864
Flesh Gordon Collection,865
Wanted - Collection,866
Ten Minutes Older... (Collection),867
An American Girl Collection,868
Frosty the Snowman Collection,869
Mamma Mia! Collection,870
Simon Brenner Collection,871
Journey Collection,872
Death Note Collection,873
Space Chimps Collection,874
The Discworld Collection,875
Red Cliff Collection,876
Death Race Collection,877
Mirrors Collection,878
Tulse Luper,879
Cat Stevens y Hutch Bessy Trilogy,880
The Sabata Collection,881
Niko - Coleccion,882
Quarantine Collection,883
Guinea Pig Collection,884
Crows Collection,885
Camp Rock Collection,886
Beverly Hills Chihuahua Collection,887
Hanzo the Razor Collection,888
King of the Zombies Collection,889
The Twilight Collection,890
The Guyver Collection,891
Che Collection,892
War of the Worlds Collection,893
Marley & Me Collection,894
Jesse Stone Collection,895
Ip Man Collection,896
The Gamers Collection,897
The Mesrine Collection,898
Galaxy Express 999 Collection,899
Mall Cop Collection,900
Afro Samurai Collection,901
Trancers Collection,902
La Trilogie Marseillaise,903
The Haunting in Connecticut Collection,904
Takashi Miike's Young Thugs series,905
The Millennium Collection,906
Naked Fear Collection,907
Rest Stop Collection,908
Kiler Collection,909
Sugata Sanshirō Collection,910
The Desert Collection,911
The Wolverine Collection,912
Star Trek: Alternate Reality Collection,913
Charlie Chan (Sidney Toler) Collection,914
Flatfoot Collection,915
Sami Swoi Collection,916
Fullmetal Alchemist Collection,917
The Hangover Collection,918
Ranma Collection,919
U Pana Boga Collection,920
Dead Snow Collection,921
Garfield (Animation) Collection,922
How I Unleashed World War II,923
Caprinos Eventyrlige Verden,924
Dark Planet Collection,925
The Collector Collection,926
G.I. Joe (Live-Action) Collection,927
12 Rounds Collection,928
Kill Buljo Collection,929
Rebuild of Evangelion,930
Love Hina Collection,931
Olympia,932
Shadow Warriors,933
The Carry On Collection,934
Fuga de cerebros - Collection,935
Laid to Rest Collection,936
Cloudy with a Chance of Meatballs Collection,937
Paranormal Activity Collection,938
Die Fritz Lang Indien-Edition,939
MVP,940
Mickey's Upon a Christmas Collection,941
The Gorky Collection,942
Avatar Collection,943
Sherlock Holmes Collection,944
MacGyver (TV Movies) Collection,945
Ninja Collection,946
Mega Shark Collection,947
Rudolph the Red-Nosed Reindeer Collection,948
Charlie Chan (Warner Oland) Collection,949
Captain Harlock Collection,950
Steal This Film Collection,951
Percy Jackson Collection,952
Tooth Fairy Collection,953
Alice in Wonderland Collection,954
Elektra Luxx Collection,955
Deadly Prey Collection,956
Mondo Cane Collection,957
Ma and Pa Kettle Collection,958
Hot Tub Time Machine Collection,959
How to Train Your Dragon Collection,960
Tom and Jerry Collection,961
Clash of the Titans Collection,962
Kick-Ass Collection,963
Varg Veum Collection,964
Diary of a Wimpy Kid Collection,965
Onomichi Trilogy,966
The Moment After Collection,967
Bananas!* Collection,968
Panda! Go Panda! Collección,969
The Human Centipede Collection,970
Stray Cat Rock Collection,971
3 Men (Original) Collection,972
男はつらいよ シリーズ,973
Demonic Toys Collection,974
Trilogia Zé do Caixão,975
Täällä Pohjantähden alla (Timo Koivusalo),976
Rampage Collection,977
Destricted,978
Despicable Me Collection,979
Grown Ups Collection,980
Little Nicholas Collection,981
The Expendables Collection,982
Piranha 3D Collection,983
Tekken Collection,984
The President's Man Collection,985
Dragon Ball Z (Movie) Collection,986
The Last Exorcism Collection,987
Gasland Collection,988
Machete Collection,989
Tarzan (Lex Barker series),990
Vampires Suck Collection,991
Men in the City Collection,992
Superman / Batman (Animated) Collection,993
Mr. Moto Collection,994
Monsters Collection,995
Korengal Valley Documentaries,996
RED Collection,997
The Olsen Gang Collection,998
Sammy's Adventure Collection,999
The Riffs Trilogy,1000
The Bill Douglas Trilogy,1001
Tangled Collection,1002
The Dick Proenneke Collection,1003
The August Underground Collection,1004
Rare Exports Collection,1005
The One-Armed Swordsman Collection,1006
"Sarah, Plain and Tall Collection",1007
Garfield Holiday Celebrations,1008
Klovn,1009
Tere Bin Laden Collection,1010
"Pane, amore e… - Collezione",1011
Outrage Collection,1012
The Magick Lantern Cycle,1013
The Trip Collection,1014
I Spit on Your Grave Collection,1015
Napapiirin sankarit,1016
Mechanic Collection,1017
Insidious Collection,1018
Dead Space Collection,1019
Hababam Sınıfı Collection,1020
New Kids Collection,1021
Easy Money Collection,1022
Daffy Duck Movie Collection,1023
Rio Collection,1024
Thor Collection,1025
Atlas Shrugged Collection,1026
Benvenuti al... Collection,1027
The Storm Riders Collection,1028
Eye of the Dolphin Collection,1029
Mothra Collection,1030
Vääpeli Körmy - Collection,1031
Philo Vance Collection,1032
Pekko aikamiespoika Collection,1033
McDull Collection,1034
Horrible Bosses Collection,1035
Dhamaal Collection,1036
Truth in 24 Collection,1037
Captain America Collection,1038
The Smurfs (Theatrical) Collection,1039
Alpha and Omega Collection,1040
Fred Collection,1041
Planet of the Apes (Reboot) Collection,1042
Gantz Collection,1043
Fright Night (Reboot) Collection,1044
Cold Prey Collection,1045
Stake Land Collection,1046
Birdemic Collection,1047
The Worricker Collection,1048
The Inbetweeners Collection,1049
"Fat, Sick & Nearly Dead",1050
Masti Collection,1051
Ironclad Collection,1052
The Avengers Collection,1053
Blondie Collection,1054
Sometimes They Come Back Collection,1055
Dreileben,1056
Singham Collection,1057
Xtro Collection,1058
The Gruffalo Collection,1059
The Snowman Collection,1060
Sharktopus Collection,1061
The Hunger Games Collection,1062
Macon County Collection,1063
Mr. Bones Collection,1064
Disney Buddies Collection,1065
Born To Race Collection,1066
Dolphin Tale Collection,1067
Cat Run Collection,1068
Puss 'n Boots Collection,1069
Six Degrees of Celebration Collection,1070
Grave Encounters Collection,1071
Detective Dee Collection,1072
The Woman in Black Collection,1073
Kokowääh Filmreihe,1074
The Dead Collection,1075
Goon Collection,1076
Jump Street Collection,1077
Letters to Santa Collection,1078
Eden of the East Collection,1079
The Incredible Hulk (TV Movie) Collection,1080
Iron Sky Collection,1081
The Raid Collection,1082
Gamma One Collection,1083
La trilogie de la mort – Nacho Cerda,1084
Housefull Collection,1085
Best Exotic Marigold Hotel Collection,1086
Boston Blackie Series,1087
Spud Collection,1088
Think Like a Man Collection,1089
Three Steps Above Heaven Collection,1090
Boys Love Collection,1091
Largo Winch Collection,1092
The Huntsman Collection,1093
Prometheus Collection,1094
The Pact Collection,1095
A Few Best Men Collection,1096
Dragon Ball Collection,1097
Ted Collection,1098
Magic Mike Collection,1099
The Amazing Spider-Man Collection,1100
Immaturi Collection,1101
Dragon Ball Z OVA Collection,1102
Subspecies Collection,1103
La Classe Américaine & Cie,1104
Dick Tracy 1940s Collection,1105
Bullit & Riper Collection,1106
Pitch Perfect Collection,1107
Les Mystères de l'ouest (Collection),1108
Deathstalker Collection,1109
Manuale d'amore - Collezione,1110
V/H/S Collection,1111
Bleach (Collection),1112
Evil Bong Collection,1113
Sinister Collection,1114
Hotel Transylvania Collection,1115
We Are From The Future Collection,1116
Ator Collection,1117
Thermae Romae Collection,1118
Gangs of Wasseypur Collection,1119
Tai Chi Collection,1120
Mann Filmreihe,1121
Wreck-It Ralph Collection,1122
The Man with the Iron Fists Collection,1123
Batman: The Dark Knight Returns Collection,1124
Fearless Hyena Collection,1125
Bad Ass Collection,1126
Nativity Collection,1127
Seventh Company Collection,1128
Lucky Stars Collection,1129
Shaolin Temple Collection,1130
The Hobbit Collection,1131
The Three Brothers Collection,1132
Le Cœur des Hommes,1133
Count Yorga Collection,1134
Jack Reacher Collection,1135
Legends of the Poisonous Seductress,1136
Cirque du Soleil Collection,1137
StreetDance Collection,1138
Rurouni Kenshin Live-Action Collection,1139
Confessions Collection,1140
Trapped in the Closet,1141
Dabangg Collection,1142
A Haunted House Collection,1143
The Bowery Boys,1144
The 1997 Trilogy,1145
Angelique Collection,1146
Resident Evil: Biohazard,1147
The ABCs of Death Collection,1148
Takashi Miike's Black Society Trilogy,1149
Åsa-Nisse Collection,1150
Journey to the West Collection,1151
Fantômas Serial,1152
The Croods Collection,1153
Gor Collection,1154
... Has Fallen Collection,1155
Don Collection,1156
Cyborg 009 Collection,1157
Justice League (Animated) Collection,1158
The Sentimental Swordsman Collection,1159
The South Shaolin Master Collection,1160
Sissi Collection,1161
Captain America 1979 Classic Collection,1162
The Devil's Carnival Collection,1163
Now You See Me Collection,1164
Mods Collection,1165
Man of Steel Collection,1166
The Purge Collection,1167
Pacific Rim Collection,1168
LEGO DC Comics Super Heroes Collection,1169
World War Z Collection,1170
Yamla Pagla Deewana,1171
Sharknado Collection,1172
The Conjuring Collection,1173
Nick Carter Collection,1174
My Little Pony: Equestria Girls Collection,1175
We're the Millers Collection,1176
Planes Collection,1177
"Maria, ihm schmeckt's nicht!",1178
Killjoy,1179
Paradise Trilogy,1180
Action Pack Bandit Films Collection,1181
The Angel Collection,1182
Inner Sanctum mysteries,1183
Race Collection,1184
One Piece Collection,1185
China O'Brien Collection,1186
Frozen Collection,1187
"Ninja, Band of Assassins Collection",1188
Carmina - Colección,1189
Lamù Collection,1190
Tengen Toppa Gurren Lagann Collection,1191
Eberhofer Krimi Collection,1192
"F*ck You, Goethe Collection",1193
Горько! (Коллекция),1194
Dhoom Series,1195
American Addict Collection,1196
Zanna Bianca Collection,1197
The Hire,1198
Ride Along Collection,1199
Divergent Collection,1200
Flowers in the Attic Collection,1201
Teen Beach Collection,1202
The Lego Movie Collection,1203
Nymphomaniac Collection,1204
The Four Collection,1205
Don't Go Breaking My Heart Collection,1206
Bionicle Collection,1207
Contracted Collection,1208
Department Q series,1209
Meu Passado me Condena,1210
My Mom is a Character Collection,1211
Ocho apellidos - Colección,1212
Torchy Blane,1213
Bloodfist Collection,1214
The Nut Job Collection,1215
Belle et Sébastien,1216
Prudence et Bélisaire Beresford Collection,1217
Son of Batman Collection,1218
God's Not Dead Collection,1219
Super Giant Collection,1220
A Golden Christmas Collection,1221
Neighbors Collection,1222
Gunbuster Collection,1223
Guardians of the Galaxy Collection,1224
Detective Collection,1225
Father and Guns Collection,1226
Teenage Mutant Ninja Turtles (Remake) Collection,1227
Antboy Collection,1228
The Durango Kid,1229
Saint Seiya Collection,1230
The Maze Runner Collection,1231
Kati Collection,1232
Annabelle Collection,1233
Madicken,1234
John Wick Collection,1235
The Disappearance Of Eleanor Rigby,1236
Jungledyret Hugo Collection,1237
Ouija Collection,1238
Dead in Tombstone Collection,1239
Hopalong Cassidy films,1240
Tinker Bell Collection,1241
Cowgirls n' Angels Collection,1242
Cyborg Cop Trilogy,1243
The Whistler collection,1244
Warriors of the Rainbow: The Seediq Bale Saga,1245
Babysitting,1246
Fu Manchu Collection,1247
Werner Collection,1248
Ski School Collection,1249
Painted Skin Collection,1250
Aashiqui Collection,1251
Valami Amerika gyűjtemény,1252
20th Century Boys Collection,1253
If You Are the One (Collection),1254
The Monkey King Collection,1255
Les Tuche,1256
The Doctor Series,1257
Cleopatra Jones,1258
Ninjas vs. Collection,1259
Six Swedes Collection,1260
Ringo Collection,1261
Flower and Snake Collection,1262
Il Maresciallo Giraldi Collection,1263
Kingsman Collection,1264
Anche gli angeli - Collezione,1265
Trilogy Marseillaise,1266
L'allenatore nel pallone - Collezione,1267
Sharpe Collection,1268
Beck Collection,1269
Johan Falk GSI Collection,1270
Freche Mädchen Filmreihe,1271
I due carabinieri Collecion,1272
The Reef Collection,1273
Viy Collection,1274
The Water of the Hills,1275
V: The Collection,1276
Seed Collection,1277
Shark.Attack,1278
East Side Kids,1279
The Spiritual Boxer Collection,1280
No Good Middle-Aged Yakuza Trilogy,1281
Jungle Jim Collection,1282
Winnetou Collection,1283
Charlie Chan (Roland Winters) Collection,1284
Tom Thorne Collection,1285
TekWar Collection,1286
The Amazing Colossal Man Duology,1287
The Six Million Dollar Man Collection,1288
Hercules TV Movies,1289
Vi hade i alla fall tur med vädret Collection,1290
Santas Paw,1291
The Nancy Drew Collection (Bonita Granville),1292
Mostly Ghostly Collection,1293
Justice League Collection,1294
Ant-Man Collection,1295
Deadpool Collection,1296
Kenny Rogers Legend Of The Gambler,1297
Salt and Pepper Collection,1298
Heidi (Praesens-Film) Filmreihe,1299
Aces Go Places Collection,1300
Magic Kid Collection,1301
The Man from U.N.C.L.E. Collection,1302
Hayride Collection,1303
Whistling Collection,1304
Snow Queen Collection,1305
Lone Wolf film series,1306
Skeleton Key Collection,1307
Ring of Fire Collection,1308
Tarzan (Gordon Scott series),1309
The Ouija Experiment Collection,1310
"Impy, the small dinosaur Collection",1311
Les Charlots - Saga,1312
Unstable Fables Collection,1313
Richard the Lionheart Collection,1314
The Sweeney Collection,1315
The Mark Collection,1316
Snake Eater Collection,1317
He Who Dares Collection,1318
Old Way Collection,1319
Isi/Disi Collection,1320
Fifty Shades Collection,1321
Halloweentown Collection,1322
Fanthagirò Collection,1323
Wodehouse P.G. Collection,1324
The Encounter Collection,1325
Dixie Zombi - Colección,1326
Sunes samtliga Resor,1327
Lotta,1328
Borsalino Collection,1329
Joséphine - Saga,1330
Fantomas Collection,1331
Family Guy Presents Collection,1332
Sartana Collection,1333
Screwballs Collection,1334
Kathleen Madigan Collection,1335
Hercules (Lou Ferrigno) Collection,1336
Mark Collection,1337
Glass Tiger collection,1338
Lilla Jönsonligan Collection,1339
Mr. Boogedy Collection,1340
Chaar Sahibzaade Collection,1341
Garage Sale Mystery Collection,1342
Tomie Collection,1343
George Carlin Comedy Collection,1344
ДухLess (Коллекция),1345
Ghost in the Shell: Arise,1346
Mardock Scramble Collection,1347
Doraemon Collection,1348
Apocalypse Collection,1349
Cardcaptor Sakura Collection,1350
Gwendolyn Shepherd Collection,1351
Would I Lie to You? Collection,1352
Berserk: Golden Age Arc,1353
Sadako 3D Collection,1354
The Garden of Sinners,1355
The Happy Hooker Collection,1356
Lemon Popsicle Collection,1357
Robotech (Samling),1358
Fontaine Khaled Collection,1359
Spiders - Collection,1360
Killer Crocodile Collection,1361
The Wixxer Trilogy,1362
Santa's Apprentice,1363
Sex Up Filmreihe,1364
The Little Polar Bear Collection,1365
Girl's on Top Collection,1366
Lucky Luke (Animation) Collection,1367
Erkan & Stefan Filmreihe,1368
Kleines Arschloch Collection,1369
Seven Dwarfs Collection,1370
Ants in the Pants Collection,1371
Dead Rising Collection,1372
Kvartet I Collection,1373
Schule Collection,1374
Sabrina the Teenage Witch Collection,1375
The Houses October Built Collection,1376
Hardbodies Collection,1377
Space Dogs,1378
"Rico, Oskar 1, 2 & 3",1379
The War of Flower Collection,1380
Lauras Stern,1381
Mörderischer Norden,1382
Munna Bhai Collection,1383
The Dog Who Saved Christmas Collection,1384
Batman Unlimited Collection,1385
Black Emanuelle Collection,1386
Unoffical Ghosthouse Series,1387
Barbie Fairytopia Collection,1388
Barbie A Mermaid Tale Collection,1389
Barbie Mariposa Collection,1390
Hera Pheri Collection,1391
Martial Law Collection,1392
Bulldog Drummond (Richard Johnson) Collection,1393
Sarkar Collection,1394
The Comics Collection,1395
Cetto La Qualunque - Collezione,1396
Oskar Luts Collection,1397
My Sisters Kids Collection,1398
Tanu Weds Manu Collection,1399
Ada Apa Dengan Cinta? Collection,1400
Max (Collection),1401
Fantastic Beasts Collection,1402
Johnny Tsunami Collection,1403
Zenon Collection,1404
The Secret Life of Pets Collection,1405
Ghost in the Shell: Stand Alone Complex,1406
Mythica Collection,1407
Cabin By The Lake Collection,1408
1920 Collection,1409
Encounters of the Spooky Kind Collection,1410
The Sally Lochhart Mysteries Collection,1411
Golmaal Collection,1412
Saheb Biwi Aur Gangster Collection,1413
Sex is Zero Collection,1414
Bhoothnath Collection,1415
Golgo 13 Collection,1416
Il medico della mutua Collection,1417
Cross Collection,1418
Bad Kids Collection,1419
Il tassinaro,1420
Hellboy (Animated) Collection,1421
Kim Possible Collection,1422
Anja & Viktor Collection,1423
Prep & Landing Collection,1424
Robot Chicken: Star Wars Collection,1425
Thunder in Paradise Collection,1426
The Gingerdead Man Collection,1427
Love in a... Collection,1428
Naruto Collection,1429
Love in the City Collection,1430
Mystery Woman,1431
Kusswechsel Filmreihe,1432
Lezioni di Cioccolato Collection,1433
Ex Collection,1434
Paranormal Investigations Collection,1435
NASU Collection,1436
Vampire Boys Collection,1437
Art of the Devil Collection,1438
Long Arm of the Law Collection,1439
Bahubali Collection,1440
Lee Rock Collection,1441
Lavalantula Collection,1442
Erotic Ghost Story Collection,1443
Tiny Times Collection,1444
Fantozzi Collection,1445
Scuola di ladri - Collezione,1446
I pompieri - Collezione,1447
Ur kärlekens språk,1448
Descendants Collection,1449
Monster High Collection,1450
Mobile Suit Gundam Collection,1451
White Crane Chronicles,1452
Short Peace,1453
Black Scorpion Collection,1454
Detonator Collection,1455
Puff Collection,1456
Dragon Nest Collection,1457
Calcutta Trilogy,1458
Puella Magi Madoka Magica: The Movie,1459
Always: Sunset on Third Street Collection,1460
Attack on Titan Collection,1461
Sailor Moon Collection,1462
The Adventures of Erast Fandorin,1463
Library Wars Collection,1464
The Angrez Collection,1465
Hard Time Collection,1466
"Hard Revenge, Milly Collection",1467
Hentai Kamen Collection,1468
Moskva-Kassiopeya Collection,1469
Santa Baby Collection,1470
Burnout Collection,1471
The Krays Collection,1472
Hot Wheels: AcceleRacers - Collection,1473
Mrs. Miracle Collection,1474
Fallen Collection,1475
The Crossing Collection,1476
Snow Collection,1477
Twitches Collection,1478
Papa ou Maman Collection,1479
Robert,1480
08/15 Collection,1481
The Falcon Series,1482
Little Witch Academia Collection,1483
Das Sams Collection,1484
Wonder Woman Collection,1485
El pico - Colección,1486
Argo Collection,1487
Baby Burlesks,1488
The Adventures of Mickey Matson Collection,1489
The Falls Collection,1490
Phobia Collection,1491
Public Enemy Series,1492
The Underdog Knight Collection,1493
Lucky Luke (Terence Hill) Collection,1494
Overheard Collection,1495
Cold War Collection,1496
Umizaru Collection,1497
Ostwind Filmreihe,1498
Tales From The Dark Collection,1499
Chinese Boxer Collection,1500
All Hallow's Eve Collection,1501
The Prostitute Trilogy,1502
Wolf Warriors Collection,1503
Detective K Collection,1504
Major Korenev Trilogy,1505
Naval Cadets Collection,1506
The Elusive Revengers Collection,1507
Regalo di Natale - Collezione,1508
The Under-Gifted Collection,1509
Devasuram Collection,1510
Алиса в стране чудес (Коллекция),1511
Adventures of Mowgli,1512
Hornblower Collection,1513
Dark Rising Collection,1514
Flying Guillotine Collection,1515
Young And Dangerous Collection,1516
Recep İvedik Serisi,1517
Extralarge Collection,1518
Eating Out Series,1519
Madeline,1520
Pierino - Serie ufficiale,1521
Northpole,1522
Wizards of Waverly Place Collection,1523
Wallander (Rolf Lassgård),1524
Fight Back to School Collection,1525
Parasyte Collection,1526
Daddy's Home Collection,1527
"Murder, She Baked Collection",1528
The Bridge,1529
Legend of the Galactic Heroes Collection,1530
Arabian Nights,1531
Thou Shalt Laugh Collection,1532
We Were Here,1533
F.C. De Kampioenen Collectie,1534
K3 Collectie,1535
OSS 117 The Original Saga,1536
Slime City Collection,1537
The Cheetah Girls Collection,1538
Assassination Classroom Collection,1539
White Collar Hooligan Collection,1540
All for ...,1541
Klassefesten (Samling),1542
Witchcraft Collection,1543
ABCD Collection,1544
Death Note Relight,1545
Prostokvashino Collection,1546
Самый лучший фильм - Коллекция,1547
Raaz Collection,1548
Les Profs,1549
Pitbull - Kolekcja,1550
Flower & Snake Collection,1551
Fimfárum (kolekce),1552
Welcome Collection,1553
Race Gurram collection,1554
Rakht Charitra,1555
All Stars Collectie,1556
Thumbs! Collection,1557
Little Bear,1558
Father of Four Collection,1559
Hate Story Collection,1560
Knerten Collection,1561
Die Kirche bleibt im Dorf Collection,1562
Feluda Collection,1563
Force Collection,1564
Teen Titans Collection,1565
Los Leguineche - Colección,1566
Black Magic Collection,1567
00 Schneider Filmreihe,1568
Otto Collection,1569
Macross Frontier Collection,1570
Shin Chan Collection,1571
Kolpaçino Serisi,1572
Black & White Collection,1573
Tarzan (Mike Henry series),1574
Billa Collection,1575
Tognazzi & Vianello Collection,1576
Tenchi Muyô Collection,1577
Armitage III Collection,1578
Slayers - Movie Collection,1579
Fatal Fury Collection,1580
Karas The Collection,1581
Animation Runner Kuromi (OAV collection),1582
Megazone 23 Collection,1583
M.D. Geist Collection,1584
Memories Collection,1585
Little Forest Collection,1586
Singam Collection,1587
Nana Collection,1588
Mi Nismo Anđeli Collection,1589
CyberTracker Collection,1590
All of My Heart Collection,1591
Flower Shop Mystery Collection,1592
Emmanuelle 2000 Collections (USA),1593
Kenji Misumi's Trilogy of the Sword,1594
LasseMaja: Samling,1595
The Good Witch Collection,1596
Fast Getaway Collection,1597
The Bremen Town Musicians (Collection),1598
Circuitry Man Collection,1599
Kung Fu Mahjong Collection,1600
Goopy Bagha Trilogy,1601
Mikogami Trilogy / Wanderer Jôkichi,1602
Big Man Collection,1603
Till Luck Do Us Part Collection,1604
Waldemar Daninsky Collection,1605
Un éléphant ça trompe énormément,1606
Sherlock Holmes: The Golden Years Collection,1607
Detective Conan Collection,1608
The Fjällbacka Murders,1609
Spirits' Homecoming Collection,1610
Quando le donne avevano la coda,1611
Eccezzziunale... veramente Collections,1612
Beck - Historien om ett brott,1613
Kizumonogatari,1614
Break Blade Collection,1615
Winnie-the-Pooh (Russian),1616
Les Ripoux - Trilogie,1617
Nadodikkattu Collection,1618
The Nigger Charley Collection,1619
The Work and the Glory Collection,1620
DC Super Hero Girls Collection,1621
Caméra Café,1622
Gumball 3000 Collection,1623
Zero Woman Collection,1624
Maigret (Rowan Atkinson) Collection,1625
"Signed, Sealed, Delivered",1626
Omae Umasou Da na,1627
In the Vineyard Collection,1628
식객 시리즈,1629
Gourmet Detective Collection,1630
Nitro Collection,1631
Flatland Collection,1632
Outlaw Gangster VIP: The Complete Collection,1633
Ivan Tsarevich & the Grey Wolf Collection,1634
Three Heroes Collection,1635
Karlson Collection,1636
The Hobgoblin Collection,1637
Mandıra Filozofu Serisi,1638
Düğün Dernek Collection,1639
Sağ Salim Serisi,1640
Vai Que Dá Certo,1641
Olsen Banden (Samling),1642
Krummerne (Samling),1643
Blood Island (Hammer series),1644
Tada's Do-It-All Collection,1645
Der Bockerer Collection,1646
The Joys of Torture Series,1647
Fist of the North Star: The Legends of the True Savior,1648
Miles Jupp Standup Collection,1649
Alan Davies Collection,1650
The Pub Landlord Collection,1651
John Pinette Collection,1652
Midnight Diner Collection,1653
Tainá,1654
Şevkat Yerimdar Serisi,1655
Zipi y Zape - Colección,1656
Epoch Collection,1657
Aurélie Laflamme Collection,1658
DMB Collection,1659
Shadow Boxing Collection,1660
I soliti idioti Collection,1661
Bloodfight,1662
Çalgı Çengi Collection,1663
Eyyvah Eyvah Collection,1664
Romantik Komedi [Seri],1665
Classmates Collection,1666
Minions: 3 Mini-Movie Collection,1667
Mommies Collection,1668
"All inclusive, или все включено (Коллекция)",1669
Облако-рай (Коллекция),1670
Not Quite Human Collection,1671
The Aum Shinrikyo Collection,1672
Dark World Collection,1673
Hooked Collection,1674
Lovey-Dovey Collection,1675
God of Gamblers Collection,1676
Psy Collection,1677
Никто не знает про секс - Коллекция,1678
Параграф 78 - Дилогия,1679
La Tour Infernale,1680
Macskafogó gyűjtemény,1681
Сказки Чуковского,1682
Schoolgirl Report Collection,1683
Adventures of a ...,1684
The Cutlass Collection,1685
Aniskin Collection,1686
Зимняя Вишня (трилогия),1687
Ivan Brovkin Collection,1688
Что Творят мужчины! (Коллекция),1689
Kocan Kadar Konuş Serisi,1690
Hailey Dean Mystery Collection,1691
Tomtar och Trolltyg Collection,1692
Чебурашка и крокодил Гена,1693
Ducobu Collection,1694
Mister Blot Collection,1695
Red Lotus Collection,1696
